gpu,kernel,M,N,K,alpha,beta,math_mode,ms,gflops,pct_of_cublas,max_abs,max_rel
"NVIDIA GeForce RTX 4070",cuBLAS,4096,4096,4096,1,0,CUBLAS_DEFAULT_MATH,6.232146,22053.231453,100.000000,0.000000e+00,0.000000e+00
"NVIDIA GeForce RTX 4070",naive,4096,4096,4096,1,0,CUBLAS_DEFAULT_MATH,558.879944,245.918564,1.115114,0.000000e+00,0.000000e+00
"NVIDIA GeForce RTX 4070",coalesced,4096,4096,4096,1,0,CUBLAS_DEFAULT_MATH,90.581078,1517.303140,6.880185,0.000000e+00,0.000000e+00
"NVIDIA GeForce RTX 4070",shared,4096,4096,4096,1,0,CUBLAS_DEFAULT_MATH,85.736565,1603.037794,7.268947,0.000000e+00,0.000000e+00
"NVIDIA GeForce RTX 4070",1d,4096,4096,4096,1,0,CUBLAS_DEFAULT_MATH,41.241249,3332.560398,15.111438,0.000000e+00,0.000000e+00
"NVIDIA GeForce RTX 4070",2d,4096,4096,4096,1,0,CUBLAS_DEFAULT_MATH,15.391314,8929.644179,40.491318,0.000000e+00,0.000000e+00
"NVIDIA GeForce RTX 4070",vec,4096,4096,4096,1,0,CUBLAS_DEFAULT_MATH,14.155408,9709.289509,44.026607,0.000000e+00,0.000000e+00